Overall_Rating,Objectives_Met,Venue_Rating,Schedule_Rating,Allowance_Rating,Speaker_Rating,Facilitator_Rating,Participant_Rating
3,1,2,3,1,3,2,1
2,3,1,2,3,1,3,2
1,2,3,1,2,3,1,3
3,3,2,1,3,2,3,1
2,1,3,2,1,3,2,3
1,3,1,3,2,1,3,2
3,2,3,2,3,2,1,3
2,1,2,3,1,3,2,1
1,3,2,1,3,1,3,2
3,2,1,3,2,3,2,1
2,3,1,2,3,2,1,3
1,2,3,1,2,1,3,2
3,1,2,3,1,2,3,1
2,3,1,2,3,1,2,3
1,2,3,1,2,3,1,2
3,2,1,3,2,3,2,1
2,1,3,2,1,3,1,3
1,3,2,1,3,2,3,2
3,1,2,3,1,2,3,1
2,3,1,2,3,1,2,3
1,2,3,1,2,3,1,2
3,2,1,3,2,3,2,1
2,1,3,2,1,3,1,3
1,3,2,1,3,2,3,2
3,1,2,3,1,2,3,1
2,3,1,2,3,1,2,3
1,2,3,1,2,3,1,2
3,2,1,3,2,3,2,1
2,1,3,2,1,3,1,3
1,3,2,1,3,2,3,2
3,1,2,3,1,2,3,1
2,3,1,2,3,1,2,3
1,2,3,1,2,3,1,2
3,2,1,3,2,3,2,1
2,1,3,2,1,3,1,3
1,3,2,1,3,2,3,2
3,1,2,3,1,2,3,1
2,3,1,2,3,1,2,3
1,2,3,1,2,3,1,2
3,2,1,3,2,3,2,1
2,1,3,2,1,3,1,3
1,3,2,1,3,2,3,2
3,1,2,3,1,2,3,1
2,3,1,2,3,1,2,3
1,2,3,1,2,3,1,2
3,2,1,3,2,3,2,1
2,1,3,2,1,3,1,3
1,3,2,1,3,2,3,2
3,1,2,3,1,2,3,1
2,3,1,2,3,1,2,3
1,2,3,1,2,3,1,2
3,2,1,3,2,3,2,1
2,1,3,2,1,3,1,3
1,3,2,1,3,2,3,2
3,1,2,3,1,2,3,1
2,3,1,2,3,1,2,3
1,2,3,1,2,3,1,2